"2014-03-17",
"2014-06-16",
"2014-09-15",
"2014-12-15",
"2015-03-16",
"2015-06-15",
"2015-09-14",
"2015-12-14",
"2016-03-14",
"2016-06-13",
"2016-09-12",
"2016-12-12",
"2017-03-13",
"2017-06-12",
"2017-09-11",
"2017-12-11",
"2018-03-12",
"2018-06-11",
"2018-09-17",
"2018-12-17",
"2019-03-11",
"2019-06-17",
"2019-09-16",
"2019-12-16",
"2020-03-12",
"2020-06-11",
"2020-09-10",
"2020-12-10",
"2021-03-11",
"2021-06-10",
"2021-09-09",
"2021-12-09",
"2022-03-10",
"2022-06-09",
"2022-09-08",
"2022-12-08",
"2023-03-09",
"2023-06-08",
"2023-09-11",
"2023-12-11",
"2024-03-11",
"2024-06-17",
"2024-09-16",
"2024-12-16",
