4/17/14,
5/23/14,
7/3/14,
11/28/14,
12/24/14,
12/31/14,
4/3/15,
11/27/15,
12/24/15,
12/31/15,
3/24/16,
7/1/16,
11/25/16,
12/23/16,
4/13/17,
5/26/17,
7/3/17,
11/24/17,
12/22/17,
12/29/17,
7/3/18,
11/23/18,
12/24/18,
4/18/19,
5/24/19,
7/3/19,
11/29/2019,
12/24/19,
12/31/19,
4/9/20,
5/22/20,
7/2/20,
11/27/20,
12/24/20,
12/31/20,
4/2/21,
5/28/21,
7/2/21,
11/26/21,
12/23/21,
12/31/21,
4/14/22,
5/27/22,
7/1/22,
11/25/22,
12/23/22,
12/30/22,
4/7/23,
5/26/23,
7/3/23,
11/24/23,
12/22/23,
12/29/23,
3/28/24,
7/3/24,
11/29/24,
12/24/24,
12/31/24,
